id;firstname;lastname;birthday;email
1;Danny;Foster;9/3/1976;aja@gmail.com
2;Kevin;Black;6/25/1987;nelduzwas@gmail.com
3;Clyde;Casey;2/4/1982;gapihono@gmail.com
4;Sarah;Jones;7/26/1973;pel@gmail.com
5;Fannie;Hayes;5/21/1985;takuduj@gmail.com
6;Dora;Nunez;3/28/2004;bal@gmail.com
7;Vera;Schwartz;4/27/1960;sokkazi@gmail.com
8;Harriet;Riley;9/8/2002;tufelo@gmail.com
9;Arthur;Haynes;2/4/1988;ihzuaf@gmail.com
10;Hallie;Aguilar;11/8/1989;la@gmail.com
11;Jean;Andrews;5/3/1981;dame@gmail.com
12;Esther;Diaz;8/21/1985;giszavih@gmail.com
13;Francisco;Gibson;9/12/1962;ton@gmail.com
14;Lucille;Romero;7/31/1987;mu@gmail.com
15;Sam;Ferguson;8/29/1998;ho@gmail.com
16;Arthur;McDaniel;11/10/1998;on@gmail.com
17;Cory;Barnes;5/12/1972;ci@gmail.com
18;Jack;Stephens;9/1/1982;zil@gmail.com
19;Mary;Ellis;5/26/1960;nelwosso@gmail.com
20;Herbert;Terry;11/13/1996;to@gmail.com
21;Theodore;Gibbs;4/10/1977;heerumuj@gmail.com
22;Alberta;Gilbert;12/22/1958;tagrueri@gmail.com
23;Emily;Medina;12/6/1962;kehe@gmail.com
24;Brent;Pittman;3/2/1995;dobvem@gmail.com
25;Rosa;Pope;12/9/1977;bobav@gmail.com
26;Cornelia;Watson;8/6/1994;ko@gmail.com
27;Michael;Matthews;7/4/1994;ucpe@gmail.com
28;Dominic;May;4/17/1981;pow@gmail.com
29;Erik;Mendez;12/29/2000;ca@gmail.com
30;Bettie;Terry;9/4/1989;aveupu@gmail.com
31;Marcus;Thomas;1/17/1982;bolepi@gmail.com
32;Isabelle;Schultz;2/14/1960;siv@gmail.com
33;Francis;Newman;9/26/1972;de@gmail.com
34;Adam;Mendoza;4/12/1988;lu@gmail.com
35;Edith;Ballard;9/12/1988;sedufris@gmail.com
36;Bernard;Bowen;9/18/1977;eti@gmail.com
37;Rhoda;Nelson;12/21/1968;soum@gmail.com
38;Effie;Gomez;3/30/1995;gan@gmail.com
39;Jennie;Terry;10/27/2000;guphef@gmail.com
40;Addie;Stevenson;7/15/1977;ku@gmail.com
41;Terry;Ray;6/4/1993;oztod@gmail.com
42;Keith;Byrd;11/18/2002;hi@gmail.com
43;Virginia;Andrews;12/5/1992;mihok@gmail.com
44;Minnie;Terry;5/20/1958;sis@gmail.com
45;Bertie;Drake;3/4/2004;golavu@gmail.com
46;Lee;Murray;5/11/1995;verozip@gmail.com
47;Harriet;Little;2/15/1975;viocabu@gmail.com
48;Jorge;Logan;11/5/1959;cimi@gmail.com
49;Anthony;Vega;11/28/1982;vihjibe@gmail.com
50;Warren;Daniel;2/20/1975;gejisviw@gmail.com
51;Olive;Ballard;3/3/1982;bov@gmail.com
52;Hunter;Tyler;6/29/1964;ujnowa@gmail.com
53;Iva;Holloway;11/2/1982;lece@gmail.com
54;Augusta;Ward;5/18/2002;wura@gmail.com
55;Dean;Patton;2/1/2001;vagci@gmail.com
56;Ophelia;Griffith;2/16/1966;sofaddot@gmail.com
57;Steve;Walton;6/4/1969;ro@gmail.com
58;Marion;Cummings;5/17/1968;jesfouz@gmail.com
59;Rosie;Massey;10/10/2004;ubu@gmail.com
60;Lina;Price;10/1/1968;hed@gmail.com
61;Cole;Fleming;2/24/1974;orotow@gmail.com
62;Olive;Montgomery;1/29/2000;igow@gmail.com
63;Derrick;Bryant;8/19/1977;kippo@gmail.com
64;Callie;Lee;5/10/1988;muvocjir@gmail.com
65;Della;Beck;8/26/1972;depewhon@gmail.com
66;Steve;Graves;4/28/2002;we@gmail.com
67;Ora;Herrera;12/21/1992;egu@gmail.com
68;Essie;Owens;8/11/1967;udtab@gmail.com
69;Theresa;Fisher;6/4/1975;jul@gmail.com
70;Nancy;Carlson;1/21/1977;covlicot@gmail.com
71;Eva;Lee;2/13/2002;zetjuke@gmail.com
72;Rhoda;McKenzie;11/30/1969;jojfim@gmail.com
73;Ryan;Martin;4/28/1959;neila@gmail.com
74;Beulah;Burgess;9/22/2000;hedfeiz@gmail.com
75;Daisy;McGee;3/5/2002;tejoz@gmail.com
76;Timothy;Hines;11/13/2003;duohi@gmail.com
77;Nina;Klein;6/6/1961;lek@gmail.com
78;Paul;Caldwell;1/13/1989;lowmupes@gmail.com
79;Mitchell;Williamson;7/24/2002;me@gmail.com
80;Ora;Cruz;5/9/2004;opaecuzi@gmail.com
81;Jim;Jensen;11/28/1974;pikid@gmail.com
82;Pearl;Daniels;7/2/1958;jofsivles@gmail.com
83;Tommy;Watson;2/5/1975;lijlodap@gmail.com
84;Sally;Mills;1/28/1995;na@gmail.com
85;Ann;Zimmerman;10/19/1975;bo@gmail.com
86;Jerome;Gonzales;5/27/1970;bemude@gmail.com
87;Jared;Johnston;5/5/1967;cokup@gmail.com
88;Louis;Daniel;9/24/1987;gipced@gmail.com
89;Lizzie;Jordan;2/25/1962;fejuwal@gmail.com
90;Tillie;Burton;6/7/1982;cuga@gmail.com
91;Elijah;Waters;2/2/2004;fotarva@gmail.com
92;Clarence;Hill;7/13/2004;unosoimu@gmail.com
93;Ronald;White;8/3/1984;nuk@gmail.com
94;Ophelia;Barnett;8/5/1991;afholrad@gmail.com
95;Della;Howell;12/24/1987;elufa@gmail.com
96;Eunice;Boyd;11/29/1963;jigfobni@gmail.com
97;Martha;Webster;6/13/1968;cufi@gmail.com
98;Robert;Welch;9/23/1960;ub@gmail.com
99;Juan;Montgomery;11/4/1968;wewpik@gmail.com
100;Maude;Alexander;8/7/2000;ima@gmail.com
